{"eval/accuracy_forest0":NaN,"train/grad_norm":631.8591918945312,"test/loss":1.2294337749481201,"test/steps_per_second":8.499,"train/learning_rate":5.969620253164557e-05,"eval/overall_accuracy":0.9061777916069158,"eval/steps_per_second":7.744,"_timestamp":1.7422566862136376e+09,"test/iou_forest1":0.7875952558164692,"eval/runtime":2.1954,"test/overall_accuracy":0.9061777916069158,"_runtime":108.392485804,"test/accuracy_forest0":NaN,"eval/loss":1.2294338941574097,"eval/mean_iou":0.3937976279082346,"train/epoch":5.063291139240507,"test/accuracy_forest1":0.9061777916069158,"test/runtime":2.0002,"_step":9,"train/global_step":800,"train/loss":0.7929,"eval/iou_forest0":0,"test/iou_forest0":0,"eval/iou_forest1":0.7875952558164692,"eval/accuracy_forest1":0.9061777916069158,"test/mean_iou":0.3937976279082346,"test/samples_per_second":271.469,"eval/samples_per_second":247.337,"_wandb":{"runtime":118},"eval/mean_accuracy":0.9061777916069158,"test/mean_accuracy":0.9061777916069158}